chg01,chg02,chg03,chg04,chg05,chg06,chg07,chg08,chg09,chg0a,chg0b,chg0c,chg0d,chg0e,chg0f,chg0g,chg0h,chg0j
#316 - HRIS Project,LTIP,PDS / HRG,14/06/2019,Development,TBC,TBC,TBC,10,15/11/2021,13/02/2022,next IOB meeting (scheduled: dd/mm/2019),esse et ullamcoduis consequat nostrud adipiscing,http://hcmaslov.d-real.sci-nnov.ru/public/mp3/Queen/Queen%20'Bohemian%20Rhapsody'.mp3,TBC,TBC,TBC,TBC
#256 - RFL Project,NON-LTIP,PDS / HRG,18/06/2019,Pipeline,TBC,TBC,TBC,12,15/08/2020,13/12/2020,next IOB meeting (scheduled: dd/mm/2019),ut magnam dolorem voluptatem,http://mfat-sharepoint.com/ejk967dj/projectoverview.html,TBC,TBC,TBC,TBC
#432 - EKJ Project,NON-LTIP,PDS / HRG,18/06/2019,Benefits realisation,TBC,TBC,TBC,8,15/01/2022,16/03/2022,next IOB meeting (scheduled: dd/mm/2019),expedita iusto doloresautem repellat eligendi molestias,http://mfat-sharepoint.com/dfg377ih/projectoverview.html,TBC,TBC,TBC,TBC
#272 - KNH Project,LTIP,PDS / HRG,18/06/2019,Benefits realisation,TBC,TBC,TBC,14,15/06/2021,13/10/2021,approval from psc,possit ei eialterum aliquam pro vis,http://mfat-sharepoint.com/kdj827dk/projectoverview.html,TBC,TBC,TBC,TBC
#448 - LNL Project,NON-LTIP,PDS / HRG,18/06/2019,Investigation,TBC,TBC,TBC,15,15/05/2019,13/08/2019,"pending IQA review, PM follow-up NLT dd/mm/2019",de et finibusfinibus de et malorum,http://mfat-sharepoint.com/hik682ii/projectoverview.html,TBC,TBC,TBC,TBC
#384 - QGI Project,NON-LTIP,PDS / HRG,18/06/2019,Implementation,TBC,TBC,TBC,4,15/12/2019,13/04/2020,next IOB meeting (scheduled: dd/mm/2019),ius melius apeirianno vivendo putent elit,http://mfat-sharepoint.com/jej201ei/projectoverview.html,TBC,TBC,TBC,TBC
#288 - KJO Project,LTIP,PDS / HRG,18/06/2019,Investigation,TBC,TBC,TBC,7,15/08/2019,13/12/2019,approval from psc,ut veniam tibique cibo contentiones,http://mfat-sharepoint.com/igk870dj/projectoverview.html,TBC,TBC,TBC,TBC
#336 - MHJ Project,NON-LTIP,PDS / HRG,18/06/2019,Development,TBC,TBC,TBC,14,15/10/2019,12/04/2020,Benefits signoff w' sponsor,has an mentitumet te aperiri ex,http://mfat-sharepoint.com/jdk141fh/projectoverview.html,TBC,TBC,TBC,TBC
#480 - GKF Project,NON-LTIP,PDS / HRG,18/06/2019,Implementation,TBC,TBC,TBC,9,15/01/2022,14/06/2022,Awaiting Budget approval (expected dd/mm/2019),eam nec temporibuscibo habemus nec et,http://mfat-sharepoint.com/jgi387kd/projectoverview.html,TBC,TBC,TBC,TBC
#432 - MGE Project,NON-LTIP,PDS / HRG,18/06/2019,Development,TBC,TBC,TBC,10,15/06/2021,13/09/2021,Benefits signoff w' sponsor,quod nostro cumno apeirian at nostro,http://mfat-sharepoint.com/igk870dj/projectoverview.html,TBC,TBC,TBC,TBC
#480 - RJK Project,LTIP,PDS / HRG,18/06/2019,Implementation,TBC,TBC,TBC,16,15/08/2020,12/01/2021,Benefits signoff w' sponsor,no meis illumet meis democritum recteque,http://mfat-sharepoint.com/igk870dj/projectoverview.html,TBC,TBC,TBC,TBC
#320 - OOO Project,LTIP,PDS / HRG,18/06/2019,Implementation,TBC,TBC,TBC,6,15/08/2021,13/11/2021,Benefits signoff w' sponsor,patrioque ornatus omittamnihil vim essent essent,http://mfat-sharepoint.com/fhe226dd/projectoverview.html,TBC,TBC,TBC,TBC
#416 - MNH Project,LTIP,PDS / HRG,18/06/2019,Investigation,TBC,TBC,TBC,9,15/07/2020,13/10/2020,next IOB meeting (scheduled: dd/mm/2019),scriptoremeum of cicero ofet,http://mfat-sharepoint.com/hik682ii/projectoverview.html,TBC,TBC,TBC,TBC
#352 - JER Project,LTIP,PDS / HRG,18/06/2019,Implementation,TBC,TBC,TBC,14,15/11/2020,14/04/2021,next IOB meeting (scheduled: dd/mm/2019),ex verterem deserunteripuit ad id quo,http://mfat-sharepoint.com/fkh967id/projectoverview.html,TBC,TBC,TBC,TBC
#256 - RHF Project,NON-LTIP,PDS / HRG,18/06/2019,Development,TBC,TBC,TBC,10,15/02/2021,14/08/2021,approval from psc,bonorum tollit ullamcorperprobatus alia his sea,http://mfat-sharepoint.com/ffh626gi/projectoverview.html,TBC,TBC,TBC,TBC
#256 - QJG Project,NON-LTIP,PDS / HRG,18/06/2019,Pipeline,TBC,TBC,TBC,11,15/06/2020,13/10/2020,approval from psc,proident est auteex eu irure non,http://mfat-sharepoint.com/ejk967dj/projectoverview.html,TBC,TBC,TBC,TBC
#288 - JKQ Project,LTIP,PDS / HRG,18/06/2019,Pipeline,TBC,TBC,TBC,5,15/03/2021,13/07/2021,next IOB meeting (scheduled: dd/mm/2019),suscipit tempora suntut iste nihil dicta,http://mfat-sharepoint.com/hik682ii/projectoverview.html,TBC,TBC,TBC,TBC
#464 - IGF Project,NON-LTIP,PDS / HRG,18/06/2019,Investigation,TBC,TBC,TBC,13,15/08/2021,13/12/2021,approval from psc,corrupti animi etsint ducimus debitis odio,http://mfat-sharepoint.com/iji216kj/projectoverview.html,TBC,TBC,TBC,TBC
#384 - FIN Project,LTIP,PDS / HRG,18/06/2019,Development,TBC,TBC,TBC,8,15/07/2020,13/09/2020,next IOB meeting (scheduled: dd/mm/2019),has regione anat sit an dicam,http://mfat-sharepoint.com/kji877fk/projectoverview.html,TBC,TBC,TBC,TBC
#352 - JRP Project,LTIP,PDS / HRG,18/06/2019,Development,TBC,TBC,TBC,7,15/09/2021,13/01/2022,Awaiting Budget approval (expected dd/mm/2019),de de malorumet malorum malorum et,http://mfat-sharepoint.com/jgf652ff/projectoverview.html,TBC,TBC,TBC,TBC
#368 - GNF Project,LTIP,PDS / HRG,18/06/2019,Benefits realisation,TBC,TBC,TBC,6,15/01/2020,15/03/2020,next IOB meeting (scheduled: dd/mm/2019),primis epicurei corrumpitsit ei ridens oportere,http://mfat-sharepoint.com/hik682ii/projectoverview.html,TBC,TBC,TBC,TBC
#304 - JGI Project,LTIP,PDS / HRG,18/06/2019,Development,TBC,TBC,TBC,5,15/08/2020,13/11/2020,Benefits signoff w' sponsor,has contentiones atcorpora liber cu mea,http://mfat-sharepoint.com/fkh967id/projectoverview.html,TBC,TBC,TBC,TBC
#448 - HGP Project,NON-LTIP,PDS / HRG,18/06/2019,Development,TBC,TBC,TBC,11,15/11/2021,14/01/2022,next IOB meeting (scheduled: dd/mm/2019),mentitum an erremerrem mentitum mei has,http://mfat-sharepoint.com/jej201ei/projectoverview.html,TBC,TBC,TBC,TBC
#464 - HKI Project,LTIP,PDS / HRG,18/06/2019,Implementation,TBC,TBC,TBC,14,15/11/2020,14/05/2021,Benefits signoff w' sponsor,aeterno no homeronovum error principes tractatos,http://mfat-sharepoint.com/kii616kj/projectoverview.html,TBC,TBC,TBC,TBC
#416 - LQO Project,NON-LTIP,PDS / HRG,18/06/2019,Development,TBC,TBC,TBC,16,15/11/2020,14/05/2021,Awaiting Budget approval (expected dd/mm/2019),ea mei dicitalienum pri harum usu,http://mfat-sharepoint.com/kdj827dk/projectoverview.html,TBC,TBC,TBC,TBC
#288 - OFL Project,LTIP,PDS / HRG,18/06/2019,Pipeline,TBC,TBC,TBC,9,15/01/2020,14/05/2020,Benefits signoff w' sponsor,ius in atperpetua ius no per,http://mfat-sharepoint.com/jdk141fh/projectoverview.html,TBC,TBC,TBC,TBC
#288 - GMM Project,NON-LTIP,PDS / HRG,18/06/2019,Investigation,TBC,TBC,TBC,10,15/02/2020,14/06/2020,approval from psc,perpetua perpetua etperpetua brute omittam efficiantur,http://mfat-sharepoint.com/fhe226dd/projectoverview.html,TBC,TBC,TBC,TBC
#336 - PFG Project,LTIP,PDS / HRG,18/06/2019,Development,TBC,TBC,TBC,14,15/05/2019,13/08/2019,next IOB meeting (scheduled: dd/mm/2019),etcicero of et consectetur et voluptatem quam,http://mfat-sharepoint.com/gkj203ig/projectoverview.html,TBC,TBC,TBC,TBC
#256 - JFO Project,LTIP,PDS / HRG,18/06/2019,Implementation,TBC,TBC,TBC,14,15/03/2022,14/05/2022,"pending IQA review, PM follow-up NLT dd/mm/2019",dignissim epicuri inermiseripuit adipiscing augue in,http://mfat-sharepoint.com/fhe226dd/projectoverview.html,TBC,TBC,TBC,TBC
#288 - RJR Project,NON-LTIP,PDS / HRG,18/06/2019,Investigation,TBC,TBC,TBC,8,15/04/2021,12/09/2021,next IOB meeting (scheduled: dd/mm/2019),utroque saepe euhis facilis utroque vis,http://mfat-sharepoint.com/jgf652ff/projectoverview.html,TBC,TBC,TBC,TBC
#288 - MHE Project,LTIP,PDS / HRG,18/06/2019,Benefits realisation,TBC,TBC,TBC,5,15/06/2021,14/08/2021,Benefits signoff w' sponsor,tempor aliqua reprehenderitveniam ea labore exercitation,http://mfat-sharepoint.com/ijh492ei/projectoverview.html,TBC,TBC,TBC,TBC
#368 - MFR Project,LTIP,PDS / HRG,18/06/2019,Pipeline,TBC,TBC,TBC,15,15/07/2019,12/12/2019,approval from psc,consequuntur adipisci commodi,http://mfat-sharepoint.com/igj932hg/projectoverview.html,TBC,TBC,TBC,TBC
#416 - LMI Project,NON-LTIP,PDS / HRG,18/06/2019,Investigation,TBC,TBC,TBC,7,15/01/2020,14/04/2020,Awaiting Budget approval (expected dd/mm/2019),cumque et inquidem hic atque recusandae,http://mfat-sharepoint.com/hik682ii/projectoverview.html,TBC,TBC,TBC,TBC
#416 - RIG Project,NON-LTIP,PDS / HRG,18/06/2019,Development,TBC,TBC,TBC,15,15/08/2022,13/12/2022,"pending IQA review, PM follow-up NLT dd/mm/2019",facilisi regione cumvis regione dicam pro,http://mfat-sharepoint.com/jid733ig/projectoverview.html,TBC,TBC,TBC,TBC
#336 - NIH Project,LTIP,PDS / HRG,18/06/2019,Investigation,TBC,TBC,TBC,7,15/04/2022,14/06/2022,"pending IQA review, PM follow-up NLT dd/mm/2019",malorum et etmalorum finibus de de,http://mfat-sharepoint.com/hih418ji/projectoverview.html,TBC,TBC,TBC,TBC
#480 - JGM Project,LTIP,PDS / HRG,18/06/2019,Pipeline,TBC,TBC,TBC,15,15/05/2019,12/09/2019,next IOB meeting (scheduled: dd/mm/2019),persius dolore nosit comprehensam ubique agam,http://hcmaslov.d-real.sci-nnov.ru/public/mp3/Queen/Queen%20'Bohemian%20Rhapsody'.mp3,TBC,TBC,TBC,TBC
#480 - HHI Project,NON-LTIP,PDS / HRG,18/06/2019,Pipeline,TBC,TBC,TBC,9,15/07/2020,11/01/2021,next IOB meeting (scheduled: dd/mm/2019),contentiones nihil tantasscriptorem et at detraxit,http://mfat-sharepoint.com/eee213gi/projectoverview.html,TBC,TBC,TBC,TBC
#320 - RIP Project,LTIP,PDS / HRG,18/06/2019,Pipeline,TBC,TBC,TBC,9,15/11/2021,14/05/2022,Awaiting Budget approval (expected dd/mm/2019),id te virtutepro mea quidam minimum,http://mfat-sharepoint.com/jej201ei/projectoverview.html,TBC,TBC,TBC,TBC
#352 - FLM Project,LTIP,PDS / HRG,18/06/2019,Development,TBC,TBC,TBC,10,15/11/2020,14/04/2021,"pending IQA review, PM follow-up NLT dd/mm/2019",et nec vimpersius temporibus nec aeterno,http://mfat-sharepoint.com/hgg237fe/projectoverview.html,TBC,TBC,TBC,TBC
#272 - QRN Project,LTIP,PDS / HRG,18/06/2019,Development,TBC,TBC,TBC,11,15/08/2020,13/12/2020,Awaiting Budget approval (expected dd/mm/2019),alienum quo sanctusno pri adipiscing apeirian,http://mfat-sharepoint.com/igk870dj/projectoverview.html,TBC,TBC,TBC,TBC
#464 - RQH Project,NON-LTIP,PDS / HRG,18/06/2019,Pipeline,TBC,TBC,TBC,14,15/04/2021,12/10/2021,approval from psc,per democritum nodemocritum et ex et,http://mfat-sharepoint.com/kii616kj/projectoverview.html,TBC,TBC,TBC,TBC
#480 - MKM Project,LTIP,PDS / HRG,18/06/2019,Benefits realisation,TBC,TBC,TBC,15,15/08/2020,13/12/2020,approval from psc,consulatu doctus nonumynam efficiantur vix nam,http://mfat-sharepoint.com/kdj827dk/projectoverview.html,TBC,TBC,TBC,TBC
#368 - KRK Project,NON-LTIP,PDS / HRG,18/06/2019,Benefits realisation,TBC,TBC,TBC,6,15/11/2019,13/04/2020,next IOB meeting (scheduled: dd/mm/2019),,http://mfat-sharepoint.com/hgg237fe/projectoverview.html,TBC,TBC,TBC,TBC
#480 - IPP Project,NON-LTIP,PDS / HRG,18/06/2019,Pipeline,TBC,TBC,TBC,9,15/05/2021,14/07/2021,"pending IQA review, PM follow-up NLT dd/mm/2019",vim dico exdico augue no his,http://mfat-sharepoint.com/fkh967id/projectoverview.html,TBC,TBC,TBC,TBC
#480 - OME Project,LTIP,PDS / HRG,18/06/2019,Investigation,TBC,TBC,TBC,5,15/12/2021,13/02/2022,next IOB meeting (scheduled: dd/mm/2019),alia alia consequunturmel eu bonorum eu,http://mfat-sharepoint.com/jdg814hh/projectoverview.html,TBC,TBC,TBC,TBC
#464 - LEK Project,LTIP,PDS / HRG,18/06/2019,Investigation,TBC,TBC,TBC,16,15/05/2021,13/08/2021,Benefits signoff w' sponsor,aliqua ut nondeserunt exercitation ad proident,http://mfat-sharepoint.com/jdk141fh/projectoverview.html,TBC,TBC,TBC,TBC
#448 - HGE Project,LTIP,PDS / HRG,18/06/2019,Benefits realisation,TBC,TBC,TBC,11,15/07/2021,13/10/2021,Awaiting Budget approval (expected dd/mm/2019),error pariatur? laboriosamamet illo dolor ad,http://mfat-sharepoint.com/jgf652ff/projectoverview.html,TBC,TBC,TBC,TBC
#336 - EEL Project,LTIP,PDS / HRG,18/06/2019,Pipeline,TBC,TBC,TBC,13,15/02/2022,16/05/2022,Benefits signoff w' sponsor,et autem hicofficia quos qui omnis,http://mfat-sharepoint.com/fkh967id/projectoverview.html,TBC,TBC,TBC,TBC
#336 - FMN Project,LTIP,PDS / HRG,18/06/2019,Pipeline,TBC,TBC,TBC,15,15/01/2021,14/07/2021,approval from psc,nec ut uthas facilisi splendide nec,http://mfat-sharepoint.com/jgi387kd/projectoverview.html,TBC,TBC,TBC,TBC
#288 - LJE Project,LTIP,PDS / HRG,18/06/2019,Benefits realisation,TBC,TBC,TBC,12,15/05/2021,12/09/2021,next IOB meeting (scheduled: dd/mm/2019),bonorum finibus finibusde malorum bonorum malorum,http://mfat-sharepoint.com/igj932hg/projectoverview.html,TBC,TBC,TBC,TBC
#448 - IEK Project,LTIP,PDS / HRG,18/06/2019,Pipeline,TBC,TBC,TBC,8,15/04/2021,12/09/2021,next IOB meeting (scheduled: dd/mm/2019),elit case meisuas persius vivendo et,http://mfat-sharepoint.com/jdk141fh/projectoverview.html,TBC,TBC,TBC,TBC
#464 - INO Project,LTIP,PDS / HRG,18/06/2019,Pipeline,TBC,TBC,TBC,14,15/09/2021,13/01/2022,approval from psc,tibique soleat atex et ei ad,http://mfat-sharepoint.com/hgg237fe/projectoverview.html,TBC,TBC,TBC,TBC
#480 - PMH Project,LTIP,PDS / HRG,18/06/2019,Benefits realisation,TBC,TBC,TBC,6,15/10/2021,14/12/2021,"pending IQA review, PM follow-up NLT dd/mm/2019",prompta cu utex salutandi cu tation,http://mfat-sharepoint.com/fhe226dd/projectoverview.html,TBC,TBC,TBC,TBC
#288 - OQI Project,NON-LTIP,PDS / HRG,18/06/2019,Implementation,TBC,TBC,TBC,10,15/03/2022,13/06/2022,approval from psc,et error ferriiudicabit mea vix euismod,http://mfat-sharepoint.com/ijh492ei/projectoverview.html,TBC,TBC,TBC,TBC
#480 - ENQ Project,LTIP,PDS / HRG,18/06/2019,Investigation,TBC,TBC,TBC,10,15/01/2021,16/03/2021,approval from psc,posse no pertinaciacomprehensam posse deserunt quodsi,http://mfat-sharepoint.com/igj932hg/projectoverview.html,TBC,TBC,TBC,TBC
#288 - GHR Project,NON-LTIP,PDS / HRG,18/06/2019,Pipeline,TBC,TBC,TBC,6,15/06/2021,12/12/2021,Awaiting Budget approval (expected dd/mm/2019),per qui rectequeius at perfecto eum,http://mfat-sharepoint.com/jdk237if/projectoverview.html,TBC,TBC,TBC,TBC
#240 - JGL Project,NON-LTIP,PDS / HRG,18/06/2019,Pipeline,TBC,TBC,TBC,5,15/05/2021,14/07/2021,Awaiting Budget approval (expected dd/mm/2019),omittam consulatu explicariperpetua nam nihil efficiantur,http://mfat-sharepoint.com/jdg814hh/projectoverview.html,TBC,TBC,TBC,TBC
#400 - OGM Project,LTIP,PDS / HRG,18/06/2019,Benefits realisation,TBC,TBC,TBC,11,15/02/2020,14/07/2020,"pending IQA review, PM follow-up NLT dd/mm/2019",,http://mfat-sharepoint.com/ejk967dj/projectoverview.html,TBC,TBC,TBC,TBC
#288 - QQL Project,NON-LTIP,PDS / HRG,18/06/2019,Pipeline,TBC,TBC,TBC,4,15/07/2019,11/01/2020,Awaiting Budget approval (expected dd/mm/2019),dico verterem adipiscingepicuri mandamus dico deserunt,http://mfat-sharepoint.com/dfg377ih/projectoverview.html,TBC,TBC,TBC,TBC
#320 - LLK Project,LTIP,PDS / HRG,18/06/2019,Investigation,TBC,TBC,TBC,5,15/06/2020,13/09/2020,approval from psc,probatus vis consequuntureu probatus natum eloquentiam,http://mfat-sharepoint.com/jgi387kd/projectoverview.html,TBC,TBC,TBC,TBC
#272 - LRQ Project,LTIP,PDS / HRG,18/06/2019,Investigation,TBC,TBC,TBC,7,15/08/2021,13/11/2021,Benefits signoff w' sponsor,dolor magna laborumdolore aliquip in eiusmod,http://mfat-sharepoint.com/jgf652ff/projectoverview.html,TBC,TBC,TBC,TBC
#336 - OML Project,LTIP,PDS / HRG,18/06/2019,Development,TBC,TBC,TBC,13,15/10/2022,13/01/2023,approval from psc,salutandi ex quaerendumgloriatur pro stet gloriatur,http://mfat-sharepoint.com/jdk141fh/projectoverview.html,TBC,TBC,TBC,TBC
#272 - NNM Project,LTIP,PDS / HRG,18/06/2019,Investigation,TBC,TBC,TBC,9,15/05/2020,13/08/2020,Awaiting Budget approval (expected dd/mm/2019),aeterno eleifend minimumferri et ferri nemore,http://mfat-sharepoint.com/hih418ji/projectoverview.html,TBC,TBC,TBC,TBC
#416 - JLM Project,NON-LTIP,PDS / HRG,18/06/2019,Development,TBC,TBC,TBC,6,15/12/2019,13/05/2020,Benefits signoff w' sponsor,cibo quo cibocum debitis quod an,http://mfat-sharepoint.com/hih418ji/projectoverview.html,TBC,TBC,TBC,TBC
#304 - QEO Project,NON-LTIP,PDS / HRG,18/06/2019,Investigation,TBC,TBC,TBC,14,15/02/2021,15/07/2021,Benefits signoff w' sponsor,vis at quimalorum in at vis,http://mfat-sharepoint.com/ijh492ei/projectoverview.html,TBC,TBC,TBC,TBC
#400 - ORO Project,LTIP,PDS / HRG,18/06/2019,Investigation,TBC,TBC,TBC,7,15/04/2022,13/08/2022,approval from psc,natum pertinax noaudiam no patrioque cu,http://mfat-sharepoint.com/kii616kj/projectoverview.html,TBC,TBC,TBC,TBC
#416 - GNN Project,LTIP,PDS / HRG,18/06/2019,Implementation,TBC,TBC,TBC,16,15/01/2022,15/04/2022,approval from psc,bonorum written consectetur et voluptatem quam,http://mfat-sharepoint.com/igi252ed/projectoverview.html,TBC,TBC,TBC,TBC
#368 - OPH Project,LTIP,PDS / HRG,18/06/2019,Development,TBC,TBC,TBC,14,15/06/2019,12/12/2019,Awaiting Budget approval (expected dd/mm/2019),postea deserunt eumeum feugait feugait postea,http://mfat-sharepoint.com/jdg814hh/projectoverview.html,TBC,TBC,TBC,TBC
#432 - EGQ Project,NON-LTIP,PDS / HRG,18/06/2019,Implementation,TBC,TBC,TBC,11,15/10/2019,13/03/2020,Awaiting Budget approval (expected dd/mm/2019),saepe et insolenseu alia oportere sea,http://mfat-sharepoint.com/hgg237fe/projectoverview.html,TBC,TBC,TBC,TBC
#464 - NEI Project,LTIP,PDS / HRG,18/06/2019,Pipeline,TBC,TBC,TBC,10,15/05/2020,11/11/2020,Benefits signoff w' sponsor,vel inventore omnisipsa doloremque neque natus,http://mfat-sharepoint.com/igk870dj/projectoverview.html,TBC,TBC,TBC,TBC
#336 - KQR Project,LTIP,PDS / HRG,18/06/2019,Investigation,TBC,TBC,TBC,16,15/05/2022,12/10/2022,approval from psc,quos id molestiasest reiciendis distinctio dolores,http://mfat-sharepoint.com/jgi387kd/projectoverview.html,TBC,TBC,TBC,TBC
#272 - ORM Project,LTIP,PDS / HRG,18/06/2019,Development,TBC,TBC,TBC,12,15/06/2022,13/09/2022,next IOB meeting (scheduled: dd/mm/2019),an discere dicamdisputando ut sit falli,http://mfat-sharepoint.com/hih418ji/projectoverview.html,TBC,TBC,TBC,TBC
#464 - FRJ Project,NON-LTIP,PDS / HRG,18/06/2019,Benefits realisation,TBC,TBC,TBC,12,15/11/2019,13/04/2020,Awaiting Budget approval (expected dd/mm/2019),finibus et etfinibus et finibus finibus,http://mfat-sharepoint.com/kii616kj/projectoverview.html,TBC,TBC,TBC,TBC
#320 - OFK Project,LTIP,PDS / HRG,18/06/2019,Investigation,TBC,TBC,TBC,6,15/12/2020,13/02/2021,Benefits signoff w' sponsor,has agam ridensapeirian mei fugit corrumpit,http://mfat-sharepoint.com/eee213gi/projectoverview.html,TBC,TBC,TBC,TBC
#336 - JRI Project,LTIP,PDS / HRG,18/06/2019,Implementation,TBC,TBC,TBC,11,15/05/2022,11/11/2022,approval from psc,ex liber detraxitsea veniam qui sea,http://mfat-sharepoint.com/igi252ed/projectoverview.html,TBC,TBC,TBC,TBC
#320 - FRP Project,LTIP,PDS / HRG,18/06/2019,Implementation,TBC,TBC,TBC,13,15/04/2020,12/10/2020,"pending IQA review, PM follow-up NLT dd/mm/2019",molestiae graeci molestiae,http://mfat-sharepoint.com/jdk141fh/projectoverview.html,TBC,TBC,TBC,TBC
#336 - LMH Project,NON-LTIP,PDS / HRG,18/06/2019,Investigation,TBC,TBC,TBC,14,15/04/2021,13/08/2021,"pending IQA review, PM follow-up NLT dd/mm/2019",vim doming necet adversarium habemus ad,http://mfat-sharepoint.com/dfg377ih/projectoverview.html,TBC,TBC,TBC,TBC
#416 - KJN Project,LTIP,PDS / HRG,18/06/2019,Investigation,TBC,TBC,TBC,11,15/06/2019,12/12/2019,"pending IQA review, PM follow-up NLT dd/mm/2019",an cibo quovix vim mei sanctus,http://mfat-sharepoint.com/eee213gi/projectoverview.html,TBC,TBC,TBC,TBC
#384 - EQP Project,LTIP,PDS / HRG,18/06/2019,Pipeline,TBC,TBC,TBC,4,15/04/2021,13/08/2021,approval from psc,perfecto per suscipianturqui eum perfecto at,http://mfat-sharepoint.com/jgi387kd/projectoverview.html,TBC,TBC,TBC,TBC
#480 - QGK Project,LTIP,PDS / HRG,18/06/2019,Implementation,TBC,TBC,TBC,15,15/02/2020,13/08/2020,Awaiting Budget approval (expected dd/mm/2019),omittam porro tevix nec perpetua perpetua,http://mfat-sharepoint.com/kji877fk/projectoverview.html,TBC,TBC,TBC,TBC
#336 - OHM Project,NON-LTIP,PDS / HRG,18/06/2019,Implementation,TBC,TBC,TBC,14,15/02/2021,14/08/2021,Awaiting Budget approval (expected dd/mm/2019),bonorum cicero bcof written et bc,http://mfat-sharepoint.com/kii616kj/projectoverview.html,TBC,TBC,TBC,TBC
#272 - PRN Project,LTIP,PDS / HRG,18/06/2019,Implementation,TBC,TBC,TBC,6,15/03/2021,13/07/2021,Awaiting Budget approval (expected dd/mm/2019),in in adipiscingadipiscing vel adipiscing feugait,http://mfat-sharepoint.com/igk870dj/projectoverview.html,TBC,TBC,TBC,TBC
#416 - RLR Project,LTIP,PDS / HRG,18/06/2019,Implementation,TBC,TBC,TBC,9,15/01/2020,13/06/2020,Benefits signoff w' sponsor,latine posse visutroque posse vis epicuri,http://mfat-sharepoint.com/fhe226dd/projectoverview.html,TBC,TBC,TBC,TBC
#416 - KQN Project,NON-LTIP,PDS / HRG,18/06/2019,Implementation,TBC,TBC,TBC,11,15/09/2020,13/01/2021,approval from psc,elit minim sitsit quis qui in,http://mfat-sharepoint.com/hgg237fe/projectoverview.html,TBC,TBC,TBC,TBC
#320 - QIE Project,NON-LTIP,PDS / HRG,18/06/2019,Development,TBC,TBC,TBC,14,15/05/2022,14/07/2022,approval from psc,fugiat magni omnisenim eius vel aliquam,http://mfat-sharepoint.com/igi252ed/projectoverview.html,TBC,TBC,TBC,TBC
#480 - NLO Project,NON-LTIP,PDS / HRG,18/06/2019,Pipeline,TBC,TBC,TBC,16,15/01/2020,15/03/2020,next IOB meeting (scheduled: dd/mm/2019),dolores alias etpossimus et et placeat,http://mfat-sharepoint.com/iji216kj/projectoverview.html,TBC,TBC,TBC,TBC
#432 - KNH Project,LTIP,PDS / HRG,18/06/2019,Development,TBC,TBC,TBC,15,15/02/2022,16/05/2022,next IOB meeting (scheduled: dd/mm/2019),in discere inan dolores scaevola ut,http://mfat-sharepoint.com/jdk237if/projectoverview.html,TBC,TBC,TBC,TBC
#352 - QEN Project,LTIP,PDS / HRG,18/06/2019,Implementation,TBC,TBC,TBC,5,15/06/2020,13/09/2020,next IOB meeting (scheduled: dd/mm/2019),de bonorum bonorum,http://mfat-sharepoint.com/kii616kj/projectoverview.html,TBC,TBC,TBC,TBC
#432 - OKP Project,LTIP,PDS / HRG,18/06/2019,Investigation,TBC,TBC,TBC,11,15/05/2020,12/10/2020,Awaiting Budget approval (expected dd/mm/2019),eos has sitvidit dolore ei diceret,http://mfat-sharepoint.com/igi252ed/projectoverview.html,TBC,TBC,TBC,TBC
#272 - FRH Project,LTIP,PDS / HRG,18/06/2019,Implementation,TBC,TBC,TBC,13,15/06/2021,12/11/2021,next IOB meeting (scheduled: dd/mm/2019),an ei propriaenihil virtute an ad,http://mfat-sharepoint.com/jdk237if/projectoverview.html,TBC,TBC,TBC,TBC
#320 - EPE Project,LTIP,PDS / HRG,18/06/2019,Benefits realisation,TBC,TBC,TBC,8,15/10/2021,14/12/2021,Awaiting Budget approval (expected dd/mm/2019),prompta ut idstet et minimum pro,http://mfat-sharepoint.com/kii616kj/projectoverview.html,TBC,TBC,TBC,TBC
#336 - QJQ Project,LTIP,PDS / HRG,18/06/2019,Implementation,TBC,TBC,TBC,13,15/07/2021,12/11/2021,approval from psc,eleifend nec utet tractatos eu et,http://mfat-sharepoint.com/ijh492ei/projectoverview.html,TBC,TBC,TBC,TBC
#256 - NMN Project,NON-LTIP,PDS / HRG,18/06/2019,Investigation,TBC,TBC,TBC,15,15/02/2021,15/07/2021,approval from psc,sanctus an seaharum te pertinacia quodsi,http://mfat-sharepoint.com/jdk141fh/projectoverview.html,TBC,TBC,TBC,TBC
#384 - GMN Project,LTIP,PDS / HRG,18/06/2019,Implementation,TBC,TBC,TBC,12,15/10/2019,13/01/2020,Benefits signoff w' sponsor,eum per euminstructior in eum perfecto,http://mfat-sharepoint.com/jid733ig/projectoverview.html,TBC,TBC,TBC,TBC
#448 - RQE Project,NON-LTIP,PDS / HRG,18/06/2019,Implementation,TBC,TBC,TBC,14,15/08/2020,13/12/2020,Benefits signoff w' sponsor,pertinax nec audiamduo deseruisse at nam,http://mfat-sharepoint.com/jdk237if/projectoverview.html,TBC,TBC,TBC,TBC
#480 - IFE Project,NON-LTIP,PDS / HRG,18/06/2019,Pipeline,TBC,TBC,TBC,9,15/09/2020,14/12/2020,next IOB meeting (scheduled: dd/mm/2019),aquidem placeat eveniet deleniti,http://mfat-sharepoint.com/gkj203ig/projectoverview.html,TBC,TBC,TBC,TBC
#432 - FMG Project,LTIP,PDS / HRG,18/06/2019,Pipeline,TBC,TBC,TBC,12,15/08/2021,11/02/2022,"pending IQA review, PM follow-up NLT dd/mm/2019",vim ad mandamusoblique oblique deserunt dico,http://mfat-sharepoint.com/iji216kj/projectoverview.html,TBC,TBC,TBC,TBC
#400 - JPJ Project,LTIP,PDS / HRG,18/06/2019,Benefits realisation,TBC,TBC,TBC,10,15/11/2021,14/04/2022,Awaiting Budget approval (expected dd/mm/2019),posse ullamcorper vislatine duis saepe his,http://mfat-sharepoint.com/ejk967dj/projectoverview.html,TBC,TBC,TBC,TBC
#432 - LPI Project,LTIP,PDS / HRG,18/06/2019,Pipeline,TBC,TBC,TBC,7,15/12/2019,12/06/2020,"pending IQA review, PM follow-up NLT dd/mm/2019",consectetur ipsum duisofficia exercitation dolore proident,http://mfat-sharepoint.com/eee213gi/projectoverview.html,TBC,TBC,TBC,TBC
#480 - ILP Project,LTIP,PDS / HRG,18/06/2019,Development,TBC,TBC,TBC,8,15/12/2021,15/03/2022,next IOB meeting (scheduled: dd/mm/2019),nulla sunt easuscipit aut aperiam nisi,http://mfat-sharepoint.com/jdk237if/projectoverview.html,TBC,TBC,TBC,TBC
#432 - RHG Project,NON-LTIP,PDS / HRG,18/06/2019,Investigation,TBC,TBC,TBC,9,15/07/2021,11/01/2022,next IOB meeting (scheduled: dd/mm/2019),omnis et doloret sunt nihil et,http://mfat-sharepoint.com/fkh967id/projectoverview.html,TBC,TBC,TBC,TBC
#240 - PMJ Project,NON-LTIP,PDS / HRG,18/06/2019,Development,TBC,TBC,TBC,14,15/12/2021,13/06/2022,approval from psc,tincidunt choro utchoro aeque scaevola discere,http://mfat-sharepoint.com/kii616kj/projectoverview.html,TBC,TBC,TBC,TBC
#464 - HLJ Project,LTIP,PDS / HRG,18/06/2019,Investigation,TBC,TBC,TBC,10,15/09/2020,14/12/2020,Benefits signoff w' sponsor,bonorum malorum malorumfinibus bonorum de malorum,http://mfat-sharepoint.com/dfg377ih/projectoverview.html,TBC,TBC,TBC,TBC
#416 - KGL Project,LTIP,PDS / HRG,18/06/2019,Development,TBC,TBC,TBC,5,15/09/2021,14/11/2021,"pending IQA review, PM follow-up NLT dd/mm/2019",ne epicuri meinec sit no mei,http://mfat-sharepoint.com/igj932hg/projectoverview.html,TBC,TBC,TBC,TBC
#304 - MKR Project,NON-LTIP,PDS / HRG,18/06/2019,Investigation,TBC,TBC,TBC,10,15/05/2019,11/11/2019,approval from psc,ad soleat veniammea et pro tibique,http://mfat-sharepoint.com/gkj203ig/projectoverview.html,TBC,TBC,TBC,TBC
#480 - PLF Project,LTIP,PDS / HRG,18/06/2019,Benefits realisation,TBC,TBC,TBC,14,15/12/2021,15/03/2022,"pending IQA review, PM follow-up NLT dd/mm/2019",quidam minimum anaperiri minimum mentitum quaerendum,http://mfat-sharepoint.com/jej201ei/projectoverview.html,TBC,TBC,TBC,TBC
#240 - NNE Project,LTIP,PDS / HRG,18/06/2019,Implementation,TBC,TBC,TBC,6,15/07/2022,12/12/2022,Awaiting Budget approval (expected dd/mm/2019),principes option euelitr eam habemus eum,http://mfat-sharepoint.com/hgg237fe/projectoverview.html,TBC,TBC,TBC,TBC
#240 - OFQ Project,LTIP,PDS / HRG,18/06/2019,Investigation,TBC,TBC,TBC,5,15/06/2021,14/08/2021,"pending IQA review, PM follow-up NLT dd/mm/2019",esse cum idadipiscing no comprehensam pertinacia,http://mfat-sharepoint.com/ffh626gi/projectoverview.html,TBC,TBC,TBC,TBC
#288 - JPN Project,LTIP,PDS / HRG,18/06/2019,Investigation,TBC,TBC,TBC,11,15/09/2021,14/11/2021,next IOB meeting (scheduled: dd/mm/2019),aliquando qui perfectoin docendi at democritum,http://mfat-sharepoint.com/kji877fk/projectoverview.html,TBC,TBC,TBC,TBC
#320 - QFK Project,NON-LTIP,PDS / HRG,18/06/2019,Development,TBC,TBC,TBC,13,15/05/2022,14/07/2022,Benefits signoff w' sponsor,hinc explicari nibhnonumy falli intellegat vix,http://mfat-sharepoint.com/jdg814hh/projectoverview.html,TBC,TBC,TBC,TBC
#288 - INR Project,NON-LTIP,PDS / HRG,18/06/2019,Benefits realisation,TBC,TBC,TBC,11,15/08/2021,12/01/2022,approval from psc,cicero aquidem placeat eveniet deleniti,http://mfat-sharepoint.com/kdj827dk/projectoverview.html,TBC,TBC,TBC,TBC
#240 - QHO Project,LTIP,PDS / HRG,18/06/2019,Benefits realisation,TBC,TBC,TBC,12,15/09/2019,14/11/2019,approval from psc,quo epicuri eaid augue ad dignissim,http://mfat-sharepoint.com/kji877fk/projectoverview.html,TBC,TBC,TBC,TBC
#432 - FHP Project,LTIP,PDS / HRG,18/06/2019,Development,TBC,TBC,TBC,10,15/07/2021,13/09/2021,approval from psc,insolens eloquentiam visbonorum in bonorum vis,http://mfat-sharepoint.com/ijh492ei/projectoverview.html,TBC,TBC,TBC,TBC
#432 - GLJ Project,LTIP,PDS / HRG,18/06/2019,Benefits realisation,TBC,TBC,TBC,16,15/03/2020,11/09/2020,"pending IQA review, PM follow-up NLT dd/mm/2019",id nulla dolorsint irure id fugiat,http://mfat-sharepoint.com/hik682ii/projectoverview.html,TBC,TBC,TBC,TBC
#272 - PHE Project,LTIP,PDS / HRG,18/06/2019,Development,TBC,TBC,TBC,12,15/03/2022,12/08/2022,Benefits signoff w' sponsor,quam eum isteipsa est qui voluptas,http://mfat-sharepoint.com/igk870dj/projectoverview.html,TBC,TBC,TBC,TBC
#272 - KFR Project,LTIP,PDS / HRG,18/06/2019,Benefits realisation,TBC,TBC,TBC,5,15/05/2022,14/07/2022,Awaiting Budget approval (expected dd/mm/2019),quos et veroquas harum nam rerum,http://mfat-sharepoint.com/kii616kj/projectoverview.html,TBC,TBC,TBC,TBC
#240 - MMH Project,LTIP,PDS / HRG,18/06/2019,Implementation,TBC,TBC,TBC,6,15/07/2022,13/10/2022,Awaiting Budget approval (expected dd/mm/2019),te graecis regioneferri at in discere,http://mfat-sharepoint.com/fkh967id/projectoverview.html,TBC,TBC,TBC,TBC
#432 - FON Project,LTIP,PDS / HRG,18/06/2019,Pipeline,TBC,TBC,TBC,10,15/05/2022,12/10/2022,next IOB meeting (scheduled: dd/mm/2019),malorum malorum malorumde et bonorum malorum,http://mfat-sharepoint.com/gkj203ig/projectoverview.html,TBC,TBC,TBC,TBC
#336 - NGM Project,NON-LTIP,PDS / HRG,18/06/2019,Investigation,TBC,TBC,TBC,10,15/05/2021,13/08/2021,next IOB meeting (scheduled: dd/mm/2019),ea nec videagam nisl vituperata oportere,http://mfat-sharepoint.com/kji877fk/projectoverview.html,TBC,TBC,TBC,TBC
#384 - QQM Project,NON-LTIP,PDS / HRG,18/06/2019,Development,TBC,TBC,TBC,11,15/10/2021,13/01/2022,next IOB meeting (scheduled: dd/mm/2019),corpora an partiendoscriptorem at sea nihil,http://mfat-sharepoint.com/jdg814hh/projectoverview.html,TBC,TBC,TBC,TBC
#384 - OHQ Project,NON-LTIP,PDS / HRG,18/06/2019,Investigation,TBC,TBC,TBC,9,15/10/2020,13/04/2021,Awaiting Budget approval (expected dd/mm/2019),id aperiri idaperiri pro tation an,http://mfat-sharepoint.com/igk870dj/projectoverview.html,TBC,TBC,TBC,TBC
#400 - GJE Project,NON-LTIP,PDS / HRG,18/06/2019,Pipeline,TBC,TBC,TBC,15,15/11/2020,13/02/2021,"pending IQA review, PM follow-up NLT dd/mm/2019",ad aeterno euismodpersius option cibo vim,http://mfat-sharepoint.com/jej201ei/projectoverview.html,TBC,TBC,TBC,TBC
#320 - ONL Project,LTIP,PDS / HRG,18/06/2019,Development,TBC,TBC,TBC,4,15/07/2020,13/09/2020,Benefits signoff w' sponsor,te ea noadipiscing sea summo mei,http://mfat-sharepoint.com/gkj203ig/projectoverview.html,TBC,TBC,TBC,TBC
#288 - MEF Project,NON-LTIP,PDS / HRG,18/06/2019,Implementation,TBC,TBC,TBC,7,15/07/2022,11/01/2023,Benefits signoff w' sponsor,eum at quivis illum no deserunt,http://mfat-sharepoint.com/dfg377ih/projectoverview.html,TBC,TBC,TBC,TBC
#400 - REK Project,LTIP,PDS / HRG,18/06/2019,Pipeline,TBC,TBC,TBC,11,15/09/2019,14/12/2019,"pending IQA review, PM follow-up NLT dd/mm/2019",deseruisse natum porronibh nibh natum porro,http://mfat-sharepoint.com/igi252ed/projectoverview.html,TBC,TBC,TBC,TBC
#464 - NIG Project,NON-LTIP,PDS / HRG,18/06/2019,Implementation,TBC,TBC,TBC,4,15/10/2019,13/03/2020,next IOB meeting (scheduled: dd/mm/2019),malorum of bonorum de,http://mfat-sharepoint.com/hgg237fe/projectoverview.html,TBC,TBC,TBC,TBC
#448 - IJR Project,LTIP,PDS / HRG,18/06/2019,Pipeline,TBC,TBC,TBC,4,15/05/2022,12/10/2022,next IOB meeting (scheduled: dd/mm/2019),in ad eripuitex epicuri vel vel,http://mfat-sharepoint.com/jdk141fh/projectoverview.html,TBC,TBC,TBC,TBC
#320 - NGP Project,LTIP,PDS / HRG,18/06/2019,Benefits realisation,TBC,TBC,TBC,6,15/09/2019,14/12/2019,Benefits signoff w' sponsor,malorum finibus dede finibus malorum de,http://mfat-sharepoint.com/jej201ei/projectoverview.html,TBC,TBC,TBC,TBC
#352 - RNE Project,NON-LTIP,PDS / HRG,18/06/2019,Benefits realisation,TBC,TBC,TBC,8,15/09/2019,14/12/2019,Benefits signoff w' sponsor,sit nec agamsit mea case ea,http://mfat-sharepoint.com/fkh967id/projectoverview.html,TBC,TBC,TBC,TBC
#320 - GPL Project,LTIP,PDS / HRG,18/06/2019,Investigation,TBC,TBC,TBC,14,15/01/2022,16/03/2022,Awaiting Budget approval (expected dd/mm/2019),an contentiones usuat virtute vidit nihil,http://mfat-sharepoint.com/kdj827dk/projectoverview.html,TBC,TBC,TBC,TBC
#352 - MQJ Project,NON-LTIP,PDS / HRG,18/06/2019,Benefits realisation,TBC,TBC,TBC,8,15/07/2022,11/01/2023,Benefits signoff w' sponsor,prompta mentitum hasaperiri te pro quaerendum,http://mfat-sharepoint.com/gkj203ig/projectoverview.html,TBC,TBC,TBC,TBC
#384 - GRO Project,LTIP,PDS / HRG,18/06/2019,Pipeline,TBC,TBC,TBC,15,15/02/2020,14/06/2020,Awaiting Budget approval (expected dd/mm/2019),ea principes quaseam vix eos aeterno,http://mfat-sharepoint.com/gkj203ig/projectoverview.html,TBC,TBC,TBC,TBC
#288 - JJF Project,LTIP,PDS / HRG,18/06/2019,Development,TBC,TBC,TBC,6,15/03/2022,13/07/2022,next IOB meeting (scheduled: dd/mm/2019),ea no seasea pri id natum,http://mfat-sharepoint.com/hik682ii/projectoverview.html,TBC,TBC,TBC,TBC
#448 - KLQ Project,LTIP,PDS / HRG,18/06/2019,Benefits realisation,TBC,TBC,TBC,8,15/10/2021,12/02/2022,approval from psc,qui deserunt noperpetua meis latine instructior,http://mfat-sharepoint.com/kdj827dk/projectoverview.html,TBC,TBC,TBC,TBC
#368 - HQO Project,NON-LTIP,PDS / HRG,18/06/2019,Implementation,TBC,TBC,TBC,13,15/08/2019,13/12/2019,Benefits signoff w' sponsor,an mel teet audiam mazim porro,http://mfat-sharepoint.com/jdk237if/projectoverview.html,TBC,TBC,TBC,TBC
#336 - FJQ Project,NON-LTIP,PDS / HRG,18/06/2019,Implementation,TBC,TBC,TBC,11,15/05/2021,13/08/2021,"pending IQA review, PM follow-up NLT dd/mm/2019",bonorum by desection cicero written bonorum,http://mfat-sharepoint.com/igk870dj/projectoverview.html,TBC,TBC,TBC,TBC
#256 - QPL Project,NON-LTIP,PDS / HRG,18/06/2019,Pipeline,TBC,TBC,TBC,7,15/01/2020,15/03/2020,approval from psc,quo no veldico deserunt eum augue,http://mfat-sharepoint.com/igj932hg/projectoverview.html,TBC,TBC,TBC,TBC
#464 - RJQ Project,LTIP,PDS / HRG,18/06/2019,Pipeline,TBC,TBC,TBC,6,15/10/2021,13/04/2022,"pending IQA review, PM follow-up NLT dd/mm/2019",integre sed saepebonorum facilis prima cum,http://mfat-sharepoint.com/hih418ji/projectoverview.html,TBC,TBC,TBC,TBC
#416 - MNI Project,LTIP,PDS / HRG,18/06/2019,Pipeline,TBC,TBC,TBC,15,15/03/2022,14/05/2022,"pending IQA review, PM follow-up NLT dd/mm/2019",ut qui sintvelit ut qui ut,http://mfat-sharepoint.com/ijh492ei/projectoverview.html,TBC,TBC,TBC,TBC
#480 - IGK Project,LTIP,PDS / HRG,18/06/2019,Investigation,TBC,TBC,TBC,9,15/07/2019,12/12/2019,next IOB meeting (scheduled: dd/mm/2019),nemo perspiciatis quivel ea aut error,http://mfat-sharepoint.com/kii616kj/projectoverview.html,TBC,TBC,TBC,TBC
#432 - HKQ Project,NON-LTIP,PDS / HRG,18/06/2019,Investigation,TBC,TBC,TBC,12,15/04/2020,14/07/2020,"pending IQA review, PM follow-up NLT dd/mm/2019",et eos eligendidignissimos quas hic earum,http://mfat-sharepoint.com/jid733ig/projectoverview.html,TBC,TBC,TBC,TBC
#384 - QQN Project,NON-LTIP,PDS / HRG,18/06/2019,Pipeline,TBC,TBC,TBC,9,15/10/2019,14/12/2019,Benefits signoff w' sponsor,possit velit tinciduntan vis vis scaevola,http://mfat-sharepoint.com/kii616kj/projectoverview.html,TBC,TBC,TBC,TBC
#304 - GFM Project,NON-LTIP,PDS / HRG,18/06/2019,Development,TBC,TBC,TBC,14,15/04/2022,12/09/2022,"pending IQA review, PM follow-up NLT dd/mm/2019",malorum malorum finibusmalorum malorum et et,http://mfat-sharepoint.com/ijh492ei/projectoverview.html,TBC,TBC,TBC,TBC
#480 - PEG Project,LTIP,PDS / HRG,18/06/2019,Investigation,TBC,TBC,TBC,14,15/10/2021,13/04/2022,"pending IQA review, PM follow-up NLT dd/mm/2019",ea elit prout comprehensam has eos,http://mfat-sharepoint.com/gkj203ig/projectoverview.html,TBC,TBC,TBC,TBC
#480 - LEG Project,LTIP,PDS / HRG,18/06/2019,Development,TBC,TBC,TBC,4,15/11/2019,13/02/2020,next IOB meeting (scheduled: dd/mm/2019),vidit liber tibiqueat partiendo at possit,http://mfat-sharepoint.com/igk870dj/projectoverview.html,TBC,TBC,TBC,TBC
#352 - QPN Project,NON-LTIP,PDS / HRG,18/06/2019,Benefits realisation,TBC,TBC,TBC,7,15/10/2020,14/03/2021,approval from psc,quaerendum graeci aperirimel stet ex pro,http://mfat-sharepoint.com/jdg814hh/projectoverview.html,TBC,TBC,TBC,TBC
#464 - JRI Project,LTIP,PDS / HRG,18/06/2019,Implementation,TBC,TBC,TBC,14,15/03/2020,13/06/2020,Awaiting Budget approval (expected dd/mm/2019),id vim necea eam no antiopam,http://mfat-sharepoint.com/jgf652ff/projectoverview.html,TBC,TBC,TBC,TBC
#480 - EHQ Project,LTIP,PDS / HRG,18/06/2019,Benefits realisation,TBC,TBC,TBC,9,15/09/2021,14/03/2022,Awaiting Budget approval (expected dd/mm/2019),no vim easea cum vix et,http://mfat-sharepoint.com/jdg814hh/projectoverview.html,TBC,TBC,TBC,TBC
#464 - RGE Project,LTIP,PDS / HRG,18/06/2019,Pipeline,TBC,TBC,TBC,7,15/09/2021,14/03/2022,approval from psc,in instructior etper eum instructior ius,http://mfat-sharepoint.com/fkh967id/projectoverview.html,TBC,TBC,TBC,TBC
#272 - NKI Project,LTIP,PDS / HRG,18/06/2019,Investigation,TBC,TBC,TBC,8,15/06/2022,12/11/2022,Awaiting Budget approval (expected dd/mm/2019),omittam perpetua nibhessent no nonumy sea,http://mfat-sharepoint.com/igk870dj/projectoverview.html,TBC,TBC,TBC,TBC
#464 - EPG Project,NON-LTIP,PDS / HRG,18/06/2019,Pipeline,TBC,TBC,TBC,15,15/12/2019,12/06/2020,Benefits signoff w' sponsor,bonorum of finibussia,http://mfat-sharepoint.com/kdj827dk/projectoverview.html,TBC,TBC,TBC,TBC
#320 - OMI Project,NON-LTIP,PDS / HRG,18/06/2019,Pipeline,TBC,TBC,TBC,5,15/06/2020,12/12/2020,approval from psc,no ad posteavim ad epicuri possit,http://mfat-sharepoint.com/fhe226dd/projectoverview.html,TBC,TBC,TBC,TBC
#416 - MKR Project,LTIP,PDS / HRG,18/06/2019,Benefits realisation,TBC,TBC,TBC,11,15/12/2020,13/06/2021,approval from psc,epicuri duis epicurinatum eos eloquentiam eos,http://mfat-sharepoint.com/hik682ii/projectoverview.html,TBC,TBC,TBC,TBC
#240 - OLH Project,LTIP,PDS / HRG,18/06/2019,Investigation,TBC,TBC,TBC,16,15/07/2020,13/10/2020,Benefits signoff w' sponsor,non dolore fugiatdolor dolore esse eiusmod,http://mfat-sharepoint.com/hik682ii/projectoverview.html,TBC,TBC,TBC,TBC
#384 - LNO Project,LTIP,PDS / HRG,18/06/2019,Investigation,TBC,TBC,TBC,15,15/06/2020,12/11/2020,Awaiting Budget approval (expected dd/mm/2019),quae omnis dolorsuscipit velit veritatis voluptatem,http://mfat-sharepoint.com/jgi387kd/projectoverview.html,TBC,TBC,TBC,TBC
#432 - QML Project,NON-LTIP,PDS / HRG,18/06/2019,Implementation,TBC,TBC,TBC,14,15/05/2022,13/08/2022,Benefits signoff w' sponsor,culpa ut rerumaut molestiae optio repellat,http://mfat-sharepoint.com/jej201ei/projectoverview.html,TBC,TBC,TBC,TBC
#400 - NLQ Project,LTIP,PDS / HRG,18/06/2019,Investigation,TBC,TBC,TBC,13,15/01/2020,13/06/2020,approval from psc,nec cum eidicant graecis ei disputando,http://mfat-sharepoint.com/igk870dj/projectoverview.html,TBC,TBC,TBC,TBC
#448 - IEP Project,NON-LTIP,PDS / HRG,18/06/2019,Investigation,TBC,TBC,TBC,4,15/04/2022,13/08/2022,approval from psc,malorum et etet malorum malorum de,http://mfat-sharepoint.com/kii616kj/projectoverview.html,TBC,TBC,TBC,TBC
#400 - PQP Project,LTIP,PDS / HRG,18/06/2019,Pipeline,TBC,TBC,TBC,5,15/06/2020,12/12/2020,next IOB meeting (scheduled: dd/mm/2019),vituperata definitiones nehas altera sit ius,http://mfat-sharepoint.com/jgf652ff/projectoverview.html,TBC,TBC,TBC,TBC
#464 - LFM Project,LTIP,PDS / HRG,18/06/2019,Investigation,TBC,TBC,TBC,5,15/02/2021,15/07/2021,next IOB meeting (scheduled: dd/mm/2019),corpora nihil atferri signiferumque et vim,http://mfat-sharepoint.com/kdj827dk/projectoverview.html,TBC,TBC,TBC,TBC
#384 - KRL Project,LTIP,PDS / HRG,18/06/2019,Investigation,TBC,TBC,TBC,4,15/12/2019,13/05/2020,"pending IQA review, PM follow-up NLT dd/mm/2019",has pro quidamid id mea mei,http://mfat-sharepoint.com/igi252ed/projectoverview.html,TBC,TBC,TBC,TBC
#288 - IOJ Project,LTIP,PDS / HRG,18/06/2019,Investigation,TBC,TBC,TBC,4,15/11/2019,14/01/2020,Benefits signoff w' sponsor,habemus id habemusea cibo et temporibus,http://mfat-sharepoint.com/kdj827dk/projectoverview.html,TBC,TBC,TBC,TBC
#288 - IIO Project,NON-LTIP,PDS / HRG,18/06/2019,Development,TBC,TBC,TBC,12,15/07/2021,13/10/2021,"pending IQA review, PM follow-up NLT dd/mm/2019",no natum seaalienum qui summo nostro,http://mfat-sharepoint.com/igj932hg/projectoverview.html,TBC,TBC,TBC,TBC
#448 - FRL Project,NON-LTIP,PDS / HRG,18/06/2019,Pipeline,TBC,TBC,TBC,13,15/08/2020,14/10/2020,Awaiting Budget approval (expected dd/mm/2019),instructior ex meisdeserunt latine malorum illum,http://mfat-sharepoint.com/jid733ig/projectoverview.html,TBC,TBC,TBC,TBC
#480 - IPG Project,LTIP,PDS / HRG,18/06/2019,Investigation,TBC,TBC,TBC,10,15/10/2019,12/02/2020,Awaiting Budget approval (expected dd/mm/2019),duo at nihilmel nibh lobortis nibh,http://mfat-sharepoint.com/igk870dj/projectoverview.html,TBC,TBC,TBC,TBC
#448 - FFO Project,NON-LTIP,PDS / HRG,18/06/2019,Benefits realisation,TBC,TBC,TBC,6,15/02/2021,15/07/2021,"pending IQA review, PM follow-up NLT dd/mm/2019",malorum infinibus et cicero et,http://mfat-sharepoint.com/kji877fk/projectoverview.html,TBC,TBC,TBC,TBC
#480 - FHJ Project,NON-LTIP,PDS / HRG,18/06/2019,Pipeline,TBC,TBC,TBC,8,15/10/2021,14/03/2022,approval from psc,his in epicuridignissim verterem vim id,http://mfat-sharepoint.com/kii616kj/projectoverview.html,TBC,TBC,TBC,TBC
#368 - POG Project,LTIP,PDS / HRG,18/06/2019,Investigation,TBC,TBC,TBC,9,15/04/2022,12/09/2022,Awaiting Budget approval (expected dd/mm/2019),no his visullamcorper integre eripuit probatus,http://mfat-sharepoint.com/igi252ed/projectoverview.html,TBC,TBC,TBC,TBC
#432 - LOL Project,LTIP,PDS / HRG,18/06/2019,Development,TBC,TBC,TBC,14,15/03/2022,13/07/2022,next IOB meeting (scheduled: dd/mm/2019),ipsum aute dodolor nulla ut amet,http://mfat-sharepoint.com/gkj203ig/projectoverview.html,TBC,TBC,TBC,TBC
#400 - QNM Project,LTIP,PDS / HRG,18/06/2019,Pipeline,TBC,TBC,TBC,8,15/01/2022,14/06/2022,Awaiting Budget approval (expected dd/mm/2019),velit beatae nequeeius ab ea eum,http://mfat-sharepoint.com/kji877fk/projectoverview.html,TBC,TBC,TBC,TBC
#384 - KMI Project,LTIP,PDS / HRG,18/06/2019,Pipeline,TBC,TBC,TBC,4,15/11/2020,13/02/2021,approval from psc,omnis nihil iustofuga et dolorum odio,http://mfat-sharepoint.com/hgg237fe/projectoverview.html,TBC,TBC,TBC,TBC
#480 - KJN Project,LTIP,PDS / HRG,18/06/2019,Implementation,TBC,TBC,TBC,8,15/03/2021,13/06/2021,next IOB meeting (scheduled: dd/mm/2019),alterum eu eieu discere scaevola dolorum,http://mfat-sharepoint.com/kii616kj/projectoverview.html,TBC,TBC,TBC,TBC
#400 - JHF Project,LTIP,PDS / HRG,18/06/2019,Development,TBC,TBC,TBC,6,15/03/2020,13/06/2020,approval from psc,malorum bonorum bonorum et,http://mfat-sharepoint.com/kdj827dk/projectoverview.html,TBC,TBC,TBC,TBC
#480 - FRR Project,LTIP,PDS / HRG,18/06/2019,Investigation,TBC,TBC,TBC,10,15/10/2019,12/02/2020,"pending IQA review, PM follow-up NLT dd/mm/2019",no oportere meisuas mea epicurei apeirian,http://mfat-sharepoint.com/fkh967id/projectoverview.html,TBC,TBC,TBC,TBC
#336 - QKM Project,NON-LTIP,PDS / HRG,18/06/2019,Pipeline,TBC,TBC,TBC,8,15/12/2019,13/02/2020,Benefits signoff w' sponsor,sea soleat adpartiendo porro contentiones sea,http://mfat-sharepoint.com/iji216kj/projectoverview.html,,,,
#448 - OKQ Project,NON-LTIP,PDS / HRG,18/06/2019,Investigation,TBC,TBC,TBC,12,15/12/2019,13/05/2020,"pending IQA review, PM follow-up NLT dd/mm/2019",in eloquentiam idvis et alia mea,http://mfat-sharepoint.com/jdk237if/projectoverview.html,TBC,TBC,TBC,TBC
#304 - NPR Project,NON-LTIP,PDS / HRG,18/06/2019,Implementation,TBC,TBC,TBC,7,15/06/2020,13/09/2020,next IOB meeting (scheduled: dd/mm/2019),commodo ut adconsectetur et fugiat eiusmod,http://mfat-sharepoint.com/dfg377ih/projectoverview.html,TBC,TBC,TBC,TBC
#432 - EMK Project,LTIP,PDS / HRG,18/06/2019,Benefits realisation,TBC,TBC,TBC,9,15/07/2021,13/10/2021,"pending IQA review, PM follow-up NLT dd/mm/2019",fugiat ullam consequaturiste numquam quia neque,http://mfat-sharepoint.com/jej201ei/projectoverview.html,TBC,TBC,TBC,TBC
#416 - RMQ Project,NON-LTIP,PDS / HRG,18/06/2019,Development,TBC,TBC,TBC,10,15/09/2020,12/02/2021,"pending IQA review, PM follow-up NLT dd/mm/2019",autem maiores etsunt autem assumenda eveniet,http://mfat-sharepoint.com/ijh492ei/projectoverview.html,TBC,TBC,TBC,TBC
#272 - EPE Project,NON-LTIP,PDS / HRG,18/06/2019,Benefits realisation,TBC,TBC,TBC,9,15/11/2020,14/01/2021,next IOB meeting (scheduled: dd/mm/2019),an te possitdolores ut disputando vis,http://mfat-sharepoint.com/igj932hg/projectoverview.html,TBC,TBC,TBC,TBC
#416 - KKP Project,NON-LTIP,PDS / HRG,18/06/2019,Development,TBC,TBC,TBC,7,15/09/2022,14/03/2023,next IOB meeting (scheduled: dd/mm/2019),et de bonorumet et malorum malorum,http://mfat-sharepoint.com/kii616kj/projectoverview.html,TBC,TBC,TBC,TBC
#304 - NNO Project,LTIP,PDS / HRG,18/06/2019,Investigation,TBC,TBC,TBC,8,15/05/2021,12/09/2021,approval from psc,comprehensam pro videhas suas persius nisl,http://mfat-sharepoint.com/ijh492ei/projectoverview.html,TBC,TBC,TBC,TBC
#240 - ROK Project,LTIP,PDS / HRG,18/06/2019,Development,TBC,TBC,TBC,13,15/02/2021,16/05/2021,approval from psc,vidit at porropartiendo liber et ferri,http://mfat-sharepoint.com/jdg814hh/projectoverview.html,TBC,TBC,TBC,TBC
#384 - JFO Project,LTIP,PDS / HRG,18/06/2019,Pipeline,TBC,TBC,TBC,7,15/10/2019,14/12/2019,Benefits signoff w' sponsor,gloriatur an tegraeci per graeci quaerendum,http://mfat-sharepoint.com/hik682ii/projectoverview.html,TBC,TBC,TBC,TBC
#432 - OFH Project,LTIP,PDS / HRG,18/06/2019,Investigation,TBC,TBC,TBC,11,15/05/2021,11/11/2021,next IOB meeting (scheduled: dd/mm/2019),eam eos eaadversarium unum eam probo,http://mfat-sharepoint.com/ejk967dj/projectoverview.html,TBC,TBC,TBC,TBC
#368 - HJR Project,NON-LTIP,PDS / HRG,18/06/2019,Benefits realisation,TBC,TBC,TBC,7,15/06/2020,12/11/2020,Benefits signoff w' sponsor,mei te deseruntno sanctus deserunt summo,http://mfat-sharepoint.com/gkj203ig/projectoverview.html,TBC,TBC,TBC,TBC
#352 - QFG Project,LTIP,PDS / HRG,18/06/2019,Pipeline,TBC,TBC,TBC,6,15/07/2019,13/10/2019,"pending IQA review, PM follow-up NLT dd/mm/2019",in democritum deseruntmeis latine perfecto at,http://mfat-sharepoint.com/ffh626gi/projectoverview.html,,,,
